{"mean":{"confidence_interval":{"confidence_level":0.95,"lower_bound":50268907.95,"upper_bound":54675348.181250006},"point_estimate":52096731.77,"standard_error":1163866.106048003},"median":{"confidence_interval":{"confidence_level":0.95,"lower_bound":49546749.0,"upper_bound":50941399.0},"point_estimate":49944777.0,"standard_error":403155.8860615866},"median_abs_dev":{"confidence_interval":{"confidence_level":0.95,"lower_bound":1494258.3985716105,"upper_bound":2567521.415117383},"point_estimate":1968065.4742598534,"standard_error":276917.6126394454},"slope":null,"std_dev":{"confidence_interval":{"confidence_level":0.95,"lower_bound":2120478.465768232,"upper_bound":18031294.01354895},"point_estimate":11642485.566570695,"standard_error":4373518.748747055}}