{"mean":{"confidence_interval":{"confidence_level":0.95,"lower_bound":43492764.94675,"upper_bound":45273927.748375},"point_estimate":44407531.25,"standard_error":455638.09218511387},"median":{"confidence_interval":{"confidence_level":0.95,"lower_bound":44179631.5,"upper_bound":45542069.0},"point_estimate":44842784.5,"standard_error":370805.617128419},"median_abs_dev":{"confidence_interval":{"confidence_level":0.95,"lower_bound":3259163.9397382736,"upper_bound":5817367.214021087},"point_estimate":4864985.762429237,"standard_error":638174.009250069},"slope":null,"std_dev":{"confidence_interval":{"confidence_level":0.95,"lower_bound":3790330.325713228,"upper_bound":5298238.58035724},"point_estimate":4568305.5664288085,"standard_error":386419.25315069314}}