{"mean":{"confidence_interval":{"confidence_level":0.95,"lower_bound":40391339.745,"upper_bound":42221396.544},"point_estimate":41313849.53,"standard_error":468312.09747177525},"median":{"confidence_interval":{"confidence_level":0.95,"lower_bound":40279798.0,"upper_bound":41947502.25},"point_estimate":41483592.75,"standard_error":457845.9965688091},"median_abs_dev":{"confidence_interval":{"confidence_level":0.95,"lower_bound":2765703.8894489408,"upper_bound":4855948.5742896795},"point_estimate":4146627.5275826454,"standard_error":562310.9827122322},"slope":null,"std_dev":{"confidence_interval":{"confidence_level":0.95,"lower_bound":3774833.075649562,"upper_bound":5608589.937311245},"point_estimate":4727635.257587882,"standard_error":470311.77171464724}}