{"mean":{"confidence_interval":{"confidence_level":0.95,"lower_bound":-0.0024763116802882694,"upper_bound":0.01263988334032809},"point_estimate":0.00445060070837644,"standard_error":0.0038160319263239985},"median":{"confidence_interval":{"confidence_level":0.95,"lower_bound":-0.005669666988700306,"upper_bound":0.008518609396269472},"point_estimate":0.00009310204738177674,"standard_error":0.003670261565559844}}