{"mean":{"confidence_interval":{"confidence_level":0.95,"lower_bound":-0.07823488066754564,"upper_bound":-0.04952060329914624},"point_estimate":-0.06433723098803101,"standard_error":0.00730165791546028},"median":{"confidence_interval":{"confidence_level":0.95,"lower_bound":-0.08291064271566084,"upper_bound":-0.0534360812588881},"point_estimate":-0.06658460528658772,"standard_error":0.007531953202882956}}