{"mean":{"confidence_interval":{"confidence_level":0.95,"lower_bound":39683193.442125,"upper_bound":41401436.334},"point_estimate":40557889.06,"standard_error":437547.07470718713},"median":{"confidence_interval":{"confidence_level":0.95,"lower_bound":39703731.0,"upper_bound":42426086.5},"point_estimate":41279865.0,"standard_error":668354.4548175626},"median_abs_dev":{"confidence_interval":{"confidence_level":0.95,"lower_bound":3332015.1959449053,"upper_bound":5370828.11704874},"point_estimate":4474804.367606342,"standard_error":540282.247256876},"slope":null,"std_dev":{"confidence_interval":{"confidence_level":0.95,"lower_bound":3756073.0489572478,"upper_bound":4961241.441357475},"point_estimate":4398110.828853059,"standard_error":307644.73160093784}}