{"mean":{"confidence_interval":{"confidence_level":0.95,"lower_bound":-0.09267095355726163,"upper_bound":-0.06277721249037642},"point_estimate":-0.07836092440112752,"standard_error":0.007595746316139022},"median":{"confidence_interval":{"confidence_level":0.95,"lower_bound":-0.11923052787185295,"upper_bound":-0.09551307713483992},"point_estimate":-0.10678089028233484,"standard_error":0.006173300085712481}}