{"mean":{"confidence_interval":{"confidence_level":0.95,"lower_bound":0.0509513144936621,"upper_bound":0.11030121896086328},"point_estimate":0.08084046629110486,"standard_error":0.01511037347385345},"median":{"confidence_interval":{"confidence_level":0.95,"lower_bound":0.05170533018766821,"upper_bound":0.09568780556033629},"point_estimate":0.07838138886706414,"standard_error":0.0115918023012656}}