{"mean":{"confidence_interval":{"confidence_level":0.95,"lower_bound":39555242.143625,"upper_bound":41178389.516875},"point_estimate":40375372.745,"standard_error":414834.2262653944},"median":{"confidence_interval":{"confidence_level":0.95,"lower_bound":40073262.0,"upper_bound":41568014.0},"point_estimate":40990294.0,"standard_error":368374.35262276244},"median_abs_dev":{"confidence_interval":{"confidence_level":0.95,"lower_bound":2449588.7415111065,"upper_bound":4288391.142515838},"point_estimate":3218134.4680666924,"standard_error":455366.6694087722},"slope":null,"std_dev":{"confidence_interval":{"confidence_level":0.95,"lower_bound":3513291.688377147,"upper_bound":4726206.315817001},"point_estimate":4156680.4248825237,"standard_error":309068.71909596946}}