{"mean":{"confidence_interval":{"confidence_level":0.95,"lower_bound":69027609.31,"upper_bound":71082060.73799999},"point_estimate":70031510.0,"standard_error":524418.7559843585},"median":{"confidence_interval":{"confidence_level":0.95,"lower_bound":67277910.0,"upper_bound":68514656.0},"point_estimate":67900958.5,"standard_error":336152.66043647676},"median_abs_dev":{"confidence_interval":{"confidence_level":0.95,"lower_bound":2261549.845549464,"upper_bound":4907595.68567276},"point_estimate":3522848.7928569317,"standard_error":706928.2323591282},"slope":null,"std_dev":{"confidence_interval":{"confidence_level":0.95,"lower_bound":4518783.714940523,"upper_bound":5884873.917612711},"point_estimate":5273276.552632929,"standard_error":348625.9811809368}}