{"mean":{"confidence_interval":{"confidence_level":0.95,"lower_bound":-0.2101344388946342,"upper_bound":-0.17476577079983102},"point_estimate":-0.19200542097699502,"standard_error":0.009054694521282531},"median":{"confidence_interval":{"confidence_level":0.95,"lower_bound":-0.2127771870740569,"upper_bound":-0.18054594612709263},"point_estimate":-0.18896592173590754,"standard_error":0.008436495980993835}}