{"mean":{"confidence_interval":{"confidence_level":0.95,"lower_bound":40587262.98375,"upper_bound":42166259.765},"point_estimate":41385152.435,"standard_error":403390.7565580214},"median":{"confidence_interval":{"confidence_level":0.95,"lower_bound":40676063.5,"upper_bound":42041730.5},"point_estimate":41474445.5,"standard_error":377355.1358630583},"median_abs_dev":{"confidence_interval":{"confidence_level":0.95,"lower_bound":2172449.293631315,"upper_bound":4128047.214062512},"point_estimate":3156251.1158153415,"standard_error":489175.8393240079},"slope":null,"std_dev":{"confidence_interval":{"confidence_level":0.95,"lower_bound":3247155.114379421,"upper_bound":4796732.1771015255},"point_estimate":4048847.6720668143,"standard_error":396624.07270091417}}