{"mean":{"confidence_interval":{"confidence_level":0.95,"lower_bound":70044284.90575,"upper_bound":96769603.97499998},"point_estimate":82400289.58,"standard_error":6767082.8020653995},"median":{"confidence_interval":{"confidence_level":0.95,"lower_bound":61845231.0,"upper_bound":63230659.5},"point_estimate":62546774.0,"standard_error":345534.43962772016},"median_abs_dev":{"confidence_interval":{"confidence_level":0.95,"lower_bound":1655740.9638047218,"upper_bound":4006978.470861912},"point_estimate":2414262.8319382668,"standard_error":581168.7080168847},"slope":null,"std_dev":{"confidence_interval":{"confidence_level":0.95,"lower_bound":42902340.70549766,"upper_bound":87187006.60469176},"point_estimate":68130191.83066168,"standard_error":11228375.71212219}}