{"mean":{"confidence_interval":{"confidence_level":0.95,"lower_bound":-0.24080615766094982,"upper_bound":0.2075551671134017},"point_estimate":-0.03884935903589293,"standard_error":0.1147533340549513},"median":{"confidence_interval":{"confidence_level":0.95,"lower_bound":-0.02314678931040204,"upper_bound":0.006789994041067378},"point_estimate":-0.00945812775428001,"standard_error":0.00754089343850884}}