{"mean":{"confidence_interval":{"confidence_level":0.95,"lower_bound":-0.006600922312932588,"upper_bound":0.0029049144043838673},"point_estimate":-0.001724094121714037,"standard_error":0.002418091863732076},"median":{"confidence_interval":{"confidence_level":0.95,"lower_bound":-0.006420484080393196,"upper_bound":0.0034232165884431343},"point_estimate":-0.0006908025988702216,"standard_error":0.0025269681525129225}}