{"mean":{"confidence_interval":{"confidence_level":0.95,"lower_bound":162767521.16325,"upper_bound":163721538.55},"point_estimate":163240588.6,"standard_error":242763.37404587964},"median":{"confidence_interval":{"confidence_level":0.95,"lower_bound":162497820.0,"upper_bound":163772857.0},"point_estimate":163166846.5,"standard_error":328974.91962252156},"median_abs_dev":{"confidence_interval":{"confidence_level":0.95,"lower_bound":1745054.2688190937,"upper_bound":2646744.8860108852},"point_estimate":2138967.7384257317,"standard_error":229382.20019905243},"slope":null,"std_dev":{"confidence_interval":{"confidence_level":0.95,"lower_bound":2022614.2015521987,"upper_bound":2823121.1697848267},"point_estimate":2443502.790080116,"standard_error":204919.2289538711}}