{"mean":{"confidence_interval":{"confidence_level":0.95,"lower_bound":52866086.654750004,"upper_bound":55138818.995749995},"point_estimate":53970359.32,"standard_error":579694.6645779327},"median":{"confidence_interval":{"confidence_level":0.95,"lower_bound":53029742.5,"upper_bound":53910811.0},"point_estimate":53381962.0,"standard_error":215262.36889148902},"median_abs_dev":{"confidence_interval":{"confidence_level":0.95,"lower_bound":1467993.3987379074,"upper_bound":2709627.881294489},"point_estimate":1886784.1546028852,"standard_error":315768.3315522039},"slope":null,"std_dev":{"confidence_interval":{"confidence_level":0.95,"lower_bound":4183548.0269465144,"upper_bound":7235241.913170465},"point_estimate":5841738.609564932,"standard_error":774108.444343743}}