{"mean":{"confidence_interval":{"confidence_level":0.95,"lower_bound":-0.2072542959979686,"upper_bound":-0.16917170163144532},"point_estimate":-0.18863250964562972,"standard_error":0.009693680387200688},"median":{"confidence_interval":{"confidence_level":0.95,"lower_bound":-0.23152388742839825,"upper_bound":-0.15802387894506342},"point_estimate":-0.19411565266218933,"standard_error":0.01927298130570327}}