{"mean":{"confidence_interval":{"confidence_level":0.95,"lower_bound":56931246.8,"upper_bound":59019829.4365},"point_estimate":57988614.47,"standard_error":533213.8979863417},"median":{"confidence_interval":{"confidence_level":0.95,"lower_bound":58019579.0,"upper_bound":60069568.0},"point_estimate":59581960.0,"standard_error":560039.6490494639},"median_abs_dev":{"confidence_interval":{"confidence_level":0.95,"lower_bound":3456254.8498392105,"upper_bound":7289165.205213941},"point_estimate":5004587.375950813,"standard_error":946992.0883144141},"slope":null,"std_dev":{"confidence_interval":{"confidence_level":0.95,"lower_bound":4737319.009881743,"upper_bound":5889180.611060469},"point_estimate":5356682.328708572,"standard_error":292254.14465994993}}