{"mean":{"confidence_interval":{"confidence_level":0.95,"lower_bound":0.04450795756264793,"upper_bound":0.11308844000790817},"point_estimate":0.07814115533872079,"standard_error":0.017524025126407508},"median":{"confidence_interval":{"confidence_level":0.95,"lower_bound":0.04448659825343415,"upper_bound":0.10898627156368468},"point_estimate":0.08365102738642505,"standard_error":0.016198294236163768}}