{"mean":{"confidence_interval":{"confidence_level":0.95,"lower_bound":50551191.39625,"upper_bound":51542968.2165},"point_estimate":51048748.39,"standard_error":252353.23733932435},"median":{"confidence_interval":{"confidence_level":0.95,"lower_bound":50126077.0,"upper_bound":51554616.0},"point_estimate":50989418.0,"standard_error":338271.06169435295},"median_abs_dev":{"confidence_interval":{"confidence_level":0.95,"lower_bound":2068953.437268734,"upper_bound":3207364.861857891},"point_estimate":2747637.296819687,"standard_error":292950.0876946301},"slope":null,"std_dev":{"confidence_interval":{"confidence_level":0.95,"lower_bound":2186979.0684857974,"upper_bound":2849375.0959562645},"point_estimate":2535458.230748063,"standard_error":169382.9630349987}}