{"mean":{"confidence_interval":{"confidence_level":0.95,"lower_bound":-0.002938551602722885,"upper_bound":0.022115640996113517},"point_estimate":0.00895291466114223,"standard_error":0.00637586656114054},"median":{"confidence_interval":{"confidence_level":0.95,"lower_bound":-0.0033144105102523858,"upper_bound":0.022267628207078827},"point_estimate":0.009915096589758754,"standard_error":0.006647575924004647}}