{"mean":{"confidence_interval":{"confidence_level":0.95,"lower_bound":107913432.04,"upper_bound":112077765.43675},"point_estimate":110026171.85,"standard_error":1059253.028300678},"median":{"confidence_interval":{"confidence_level":0.95,"lower_bound":106082415.0,"upper_bound":116581375.0},"point_estimate":112591938.5,"standard_error":2629295.312358511},"median_abs_dev":{"confidence_interval":{"confidence_level":0.95,"lower_bound":7946055.345529318,"upper_bound":15335574.536839128},"point_estimate":12102524.371737242,"standard_error":2014737.4501770688},"slope":null,"std_dev":{"confidence_interval":{"confidence_level":0.95,"lower_bound":9467849.790874498,"upper_bound":11680926.141304769},"point_estimate":10626463.802051293,"standard_error":565052.6789416278}}