{"mean":{"confidence_interval":{"confidence_level":0.95,"lower_bound":-0.014162001625183628,"upper_bound":0.05633840031885692},"point_estimate":0.02048415939968673,"standard_error":0.018006184795128444},"median":{"confidence_interval":{"confidence_level":0.95,"lower_bound":-0.02089956389190739,"upper_bound":0.038200644120017335},"point_estimate":0.003024779263524957,"standard_error":0.015245793956618974}}