{"mean":{"confidence_interval":{"confidence_level":0.95,"lower_bound":-0.07125507370153371,"upper_bound":0.037547666510461694},"point_estimate":-0.021939640705490815,"standard_error":0.02789957111274143},"median":{"confidence_interval":{"confidence_level":0.95,"lower_bound":-0.020602702258473493,"upper_bound":0.011455795302762523},"point_estimate":-0.009366845729524398,"standard_error":0.008775602599620869}}