{"mean":{"confidence_interval":{"confidence_level":0.95,"lower_bound":0.42502462775197636,"upper_bound":0.5506682333641373},"point_estimate":0.48748394547112106,"standard_error":0.032659660278679795},"median":{"confidence_interval":{"confidence_level":0.95,"lower_bound":0.4259689281687895,"upper_bound":0.568566278428041},"point_estimate":0.5100730596640335,"standard_error":0.03304908820411444}}