{"mean":{"confidence_interval":{"confidence_level":0.95,"lower_bound":0.7867196998079639,"upper_bound":0.9532669273472939},"point_estimate":0.8688776655449828,"standard_error":0.04184507715838955},"median":{"confidence_interval":{"confidence_level":0.95,"lower_bound":0.8167972314732668,"upper_bound":0.8947964121471004},"point_estimate":0.8657498941290496,"standard_error":0.01877656222015727}}