{"mean":{"confidence_interval":{"confidence_level":0.95,"lower_bound":-0.016590484190358096,"upper_bound":0.036832652795038764},"point_estimate":0.009709848748033822,"standard_error":0.013709516088338545},"median":{"confidence_interval":{"confidence_level":0.95,"lower_bound":-0.008783752850559101,"upper_bound":0.013673626593323718},"point_estimate":0.003130618384370676,"standard_error":0.005726335773546535}}