{"mean":{"confidence_interval":{"confidence_level":0.95,"lower_bound":-0.08340158120765262,"upper_bound":-0.055894827901310416},"point_estimate":-0.06985099478750967,"standard_error":0.007003140208320951},"median":{"confidence_interval":{"confidence_level":0.95,"lower_bound":-0.09165828387666342,"upper_bound":-0.04976176515538544},"point_estimate":-0.075380740890434,"standard_error":0.011960772909051894}}