{"mean":{"confidence_interval":{"confidence_level":0.95,"lower_bound":-0.03636296588694287,"upper_bound":0.012266896256999853},"point_estimate":-0.012121113325261113,"standard_error":0.01240917017070273},"median":{"confidence_interval":{"confidence_level":0.95,"lower_bound":-0.07127225080312061,"upper_bound":0.025420357674426075},"point_estimate":-0.024713920575780812,"standard_error":0.02538015220944207}}