{"mean":{"confidence_interval":{"confidence_level":0.95,"lower_bound":40412275.935,"upper_bound":42060099.875},"point_estimate":41239358.83,"standard_error":419940.7570146892},"median":{"confidence_interval":{"confidence_level":0.95,"lower_bound":40606967.0,"upper_bound":42216920.5},"point_estimate":41345770.25,"standard_error":394911.02081606636},"median_abs_dev":{"confidence_interval":{"confidence_level":0.95,"lower_bound":2824074.5917126536,"upper_bound":4508369.319060445},"point_estimate":3724970.905968547,"standard_error":419414.0227921084},"slope":null,"std_dev":{"confidence_interval":{"confidence_level":0.95,"lower_bound":3295279.446889011,"upper_bound":5039915.963653687},"point_estimate":4174658.688549583,"standard_error":450686.2644056246}}