{"mean":{"confidence_interval":{"confidence_level":0.95,"lower_bound":48093580.0965,"upper_bound":51480919.717875},"point_estimate":49782976.255,"standard_error":865895.381051586},"median":{"confidence_interval":{"confidence_level":0.95,"lower_bound":46252035.75,"upper_bound":51345453.5},"point_estimate":49173814.5,"standard_error":1105438.0639520695},"median_abs_dev":{"confidence_interval":{"confidence_level":0.95,"lower_bound":7505852.176609488,"upper_bound":11798780.037979782},"point_estimate":10111495.277135074,"standard_error":1074056.2142882869},"slope":null,"std_dev":{"confidence_interval":{"confidence_level":0.95,"lower_bound":7659040.45916431,"upper_bound":9569355.670506079},"point_estimate":8681576.045888273,"standard_error":487296.7551344886}}