{"mean":{"confidence_interval":{"confidence_level":0.95,"lower_bound":-0.06104604522245198,"upper_bound":-0.013508592140248306},"point_estimate":-0.037389074741852046,"standard_error":0.012065232618039965},"median":{"confidence_interval":{"confidence_level":0.95,"lower_bound":-0.04703941399737677,"upper_bound":-0.0014939260537523147},"point_estimate":-0.021553816535161197,"standard_error":0.011096913906370642}}