{"mean":{"confidence_interval":{"confidence_level":0.95,"lower_bound":0.11516850443469301,"upper_bound":0.2288782635726455},"point_estimate":0.17225419207325365,"standard_error":0.02909763681948907},"median":{"confidence_interval":{"confidence_level":0.95,"lower_bound":0.12254894755696054,"upper_bound":0.3414600009661892},"point_estimate":0.2483450903615707,"standard_error":0.06155887359334173}}