{"mean":{"confidence_interval":{"confidence_level":0.95,"lower_bound":-0.06658910935195418,"upper_bound":-0.01016808236595372},"point_estimate":-0.038497375317158467,"standard_error":0.014424486115353373},"median":{"confidence_interval":{"confidence_level":0.95,"lower_bound":-0.08148006160949761,"upper_bound":0.015323835342960335},"point_estimate":-0.01514522605543478,"standard_error":0.024254886344851536}}