{"mean":{"confidence_interval":{"confidence_level":0.95,"lower_bound":182768630.94525,"upper_bound":184741100.072},"point_estimate":183658554.21,"standard_error":504287.82219870744},"median":{"confidence_interval":{"confidence_level":0.95,"lower_bound":182039801.0,"upper_bound":184012759.5},"point_estimate":182891629.5,"standard_error":496234.9948900787},"median_abs_dev":{"confidence_interval":{"confidence_level":0.95,"lower_bound":2678049.9844551086,"upper_bound":4492953.985834122},"point_estimate":3188132.5749993324,"standard_error":450115.076701712},"slope":null,"std_dev":{"confidence_interval":{"confidence_level":0.95,"lower_bound":3031057.7993054814,"upper_bound":7430295.317484656},"point_estimate":5064168.932080338,"standard_error":1367361.3409092943}}