{"mean":{"confidence_interval":{"confidence_level":0.95,"lower_bound":91046048.10474999,"upper_bound":95972809.15},"point_estimate":93486356.85,"standard_error":1253326.223305932},"median":{"confidence_interval":{"confidence_level":0.95,"lower_bound":89705676.0,"upper_bound":95513122.0},"point_estimate":93481165.5,"standard_error":1408690.2292464073},"median_abs_dev":{"confidence_interval":{"confidence_level":0.95,"lower_bound":9301271.812069416,"upper_bound":14920657.073405385},"point_estimate":12398410.554984212,"standard_error":1483435.9325086111},"slope":null,"std_dev":{"confidence_interval":{"confidence_level":0.95,"lower_bound":10533958.489854285,"upper_bound":14503575.09585843},"point_estimate":12612074.176225165,"standard_error":1015147.5585397955}}