{"mean":{"confidence_interval":{"confidence_level":0.95,"lower_bound":-0.008852440964326719,"upper_bound":0.027722958890806764},"point_estimate":0.008580718307028556,"standard_error":0.009324235694768708},"median":{"confidence_interval":{"confidence_level":0.95,"lower_bound":-0.0017936516986448714,"upper_bound":0.026523294462729163},"point_estimate":0.010372209695820533,"standard_error":0.007757575172017875}}