{"mean":{"confidence_interval":{"confidence_level":0.95,"lower_bound":-0.04156031470115995,"upper_bound":0.017457070936367197},"point_estimate":-0.011546676694711877,"standard_error":0.01497405658328148},"median":{"confidence_interval":{"confidence_level":0.95,"lower_bound":-0.03828141366834725,"upper_bound":0.014692537656352034},"point_estimate":-0.012032966969946601,"standard_error":0.013378157616227737}}