{"mean":{"confidence_interval":{"confidence_level":0.95,"lower_bound":92202432.79225,"upper_bound":94516231.7315},"point_estimate":93377594.02,"standard_error":594448.5344950396},"median":{"confidence_interval":{"confidence_level":0.95,"lower_bound":93814943.0,"upper_bound":96089238.0},"point_estimate":95199841.5,"standard_error":544115.587997125},"median_abs_dev":{"confidence_interval":{"confidence_level":0.95,"lower_bound":3644793.3819919825,"upper_bound":7619536.4229261875},"point_estimate":6031884.604212642,"standard_error":1039479.374244284},"slope":null,"std_dev":{"confidence_interval":{"confidence_level":0.95,"lower_bound":5171647.437084129,"upper_bound":6777374.110121303},"point_estimate":6008071.83238861,"standard_error":407822.44828518387}}