{"mean":{"confidence_interval":{"confidence_level":0.95,"lower_bound":45003294.694125,"upper_bound":47176196.60675},"point_estimate":46091289.25,"standard_error":553092.8830331819},"median":{"confidence_interval":{"confidence_level":0.95,"lower_bound":44299141.0,"upper_bound":46294342.0},"point_estimate":45243449.25,"standard_error":530338.0978521066},"median_abs_dev":{"confidence_interval":{"confidence_level":0.95,"lower_bound":3235874.5180517435,"upper_bound":5327398.686669767},"point_estimate":4180438.9612823725,"standard_error":520860.1369645932},"slope":null,"std_dev":{"confidence_interval":{"confidence_level":0.95,"lower_bound":4479927.95795008,"upper_bound":6574639.2744416455},"point_estimate":5566465.159272407,"standard_error":536441.1529962589}}